{
  "baseName" : "unicam",
  "uniqueName" : "unicam",
  "nickname" : "OV9281",
  "FOV" : 189.28,
  "path" : "/dev/video0",
  "cameraType" : "ZeroCopyPicam",
  "currentPipelineIndex" : 0,
  "calibrations" : [ {
    "resolution" : {
      "width" : 1280.0,
      "height" : 800.0
    },
    "cameraIntrinsics" : {
      "rows" : 3,
      "cols" : 3,
      "type" : 6,
      "data" : [ 1092.8089652251074, 0.0, 597.1502761361129, 0.0, 1094.6248831456157, 393.6488118982571, 0.0, 0.0, 1.0 ]
    },
    "cameraExtrinsics" : {
      "rows" : 1,
      "cols" : 5,
      "type" : 6,
      "data" : [ -0.4491202170212397, 0.25053875048353186, 0.0019963741825671116, 8.635906511454979E-4, -0.057660803315618556 ]
    },
    "perViewErrors" : [ 0.6891085893255081, 0.8054040279283513, 0.7021764513486278, 0.8305595900298012, 1.0420055719499073, 0.7067807247751464, 0.5907698314738387, 1.0472448558338114, 0.5812068570296843, 0.6105047507914844, 0.7050813770126653, 0.6053083094960849, 0.7327690283158521, 0.7526558610019707, 0.8714101690656412, 0.8460384019418721 ],
    "standardDeviation" : 0.13934758166146574
  }, {
    "resolution" : {
      "width" : 640.0,
      "height" : 400.0
    },
    "cameraIntrinsics" : {
      "rows" : 3,
      "cols" : 3,
      "type" : 6,
      "data" : [ 553.8701021918047, 0.0, 297.6398856843587, 0.0, 554.2332258809611, 206.2371657081241, 0.0, 0.0, 1.0 ]
    },
    "cameraExtrinsics" : {
      "rows" : 1,
      "cols" : 5,
      "type" : 6,
      "data" : [ -0.4599465284792743, 0.3049759618399467, -6.504567712714398E-4, 8.914292648664761E-4, -0.1524168057942627 ]
    },
    "perViewErrors" : [ 0.2903638046877165, 0.5226638848416139, 0.45723133798721355, 0.5547249619301745, 0.4283263787149248, 0.8944846940323435, 0.8911888140586907, 0.6666201484242119, 0.820294958418182, 0.48302644946880907, 0.5137096738178524, 0.4853346089482138, 0.37122948221991614, 0.33978694711786206, 0.5633761223670778, 0.5851228784088262 ],
    "standardDeviation" : 0.17688106024530675
  }, {
    "resolution" : {
      "width" : 320.0,
      "height" : 240.0
    },
    "cameraIntrinsics" : {
      "rows" : 3,
      "cols" : 3,
      "type" : 6,
      "data" : [ 334.9782805217907, 0.0, 144.38060661576043, 0.0, 334.8226998172052, 122.42318649155672, 0.0, 0.0, 1.0 ]
    },
    "cameraExtrinsics" : {
      "rows" : 1,
      "cols" : 5,
      "type" : 6,
      "data" : [ -0.42696592502584274, 0.062001587500641706, 4.927608139806205E-4, 0.002341758632424458, 0.3385215083927997 ]
    },
    "perViewErrors" : [ 0.24094195416672048, 0.4172995848630977, 0.37609497560519906, 0.24200814675019705, 0.17499495330968076, 0.21189070019147704, 0.28093116172795507, 0.2864481630858315, 0.2218708827882228, 0.21673956868979805, 0.20193592576613745, 0.5492969090776202, 0.21178538094033267, 0.20127102459824658, 0.2354969843436388, 0.2570241738111013, 0.370997050263374, 0.3881390505352346, 0.48540081530138557, 0.47337566859096286, 0.4815761249903156, 0.40900160015592 ],
    "standardDeviation" : 0.11194203702786315
  }, {
    "resolution" : {
      "width" : 640.0,
      "height" : 480.0
    },
    "cameraIntrinsics" : {
      "rows" : 3,
      "cols" : 3,
      "type" : 6,
      "data" : [ 663.9517976012055, 0.0, 309.55766952649077, 0.0, 665.4389961867895, 243.1066051955525, 0.0, 0.0, 1.0 ]
    },
    "cameraExtrinsics" : {
      "rows" : 1,
      "cols" : 5,
      "type" : 6,
      "data" : [ -0.45378041735867825, 0.3056151153718412, 0.0015247332581340765, -0.0015298938004717118, -0.18351968134760485 ]
    },
    "perViewErrors" : [ 0.3365047683391314, 0.5083271069271099, 0.6995580414504301, 0.5881992529304751, 0.56994410854315, 0.37743058582413347, 0.33710657581555076, 0.30788500125023754, 0.42408355127351716, 0.35433917492439354, 0.4360850459701494, 0.4692744349768946, 0.3967360925237396, 0.3602032307351189, 0.5983820156546495, 0.41941591647584264, 0.3771904267073339, 0.42341622796393164 ],
    "standardDeviation" : 0.10534554248580445
  } ],
  "streamIndex" : 0
}